{
    "mtx": {
        "rows": 3,
        "cols": 3,
        "dt": "d",
        "data": [
            8.617561102360313e2, 0.0, 6.4220317156609758e2, 0.0,
            8.6411314484767183e2, 3.4611059418088462e2, 0.0, 0.0, 1.0
        ]
    },
    "newmtx": {
        "rows": 3,
        "cols": 3,
        "dt": "d",
        "data": [
            9.350238317696992e2, 0.0, 6.395e2, 0.0, 9.3758126479281555e2,
            3.595e2, 0.0, 0.0, 1.0
        ]
    },
    "dist": {
        "rows": 1,
        "cols": 14,
        "dt": "d",
        "data": [
            6.4704736326069179e-1, 6.9842325204621162e1, -3.8446374749176787e-3,
            -6.5685769622407693e-3, 3.3239962207009803e1, 5.0824354805695138e-1,
            6.9018441628550974e1, 3.1191976852198923e1, 0.0, 0.0, 0.0, 0.0, 0.0,
            0.0
        ]
    },
    "dist5": {
        "rows": 1,
        "cols": 5,
        "dt": "d",
        "data": [
            2.1160596938860202e-1, -7.6467079200433918e-1,
            -3.873530352517732e-3, -6.5906939928791564e-3, 1.0070320293354773
        ]
    },
    "resolution": {
        "rows": 2,
        "cols": 1,
        "dt": "i",
        "data": [1280, 720]
    },
    "deg_to_pixels_poly": {
        "rows": 3,
        "cols": 1,
        "dt": "d",
        "data": [
            7.8409266625822684e-3, -5.488329268769622e-2, 1.5310319262380693e1
        ]
    }
}
